id,email,first_name,last_name,country,createon,deliverydate,orderstatus,imageurl 
1,rcollar0@oaic.gov.au,Raimund,Collar,Austria,01/01/2023,1677504499000,1,http://dummyimage.com/113x100.png/5fa2dd/ffffff
2,wnorree1@mapquest.com,Waldon,Norree,Austria,01/01/2023,1677414614000,2,http://dummyimage.com/124x100.png/dddddd/000000
3,yburgh2@dell.com,Yvette,Burgh,Austria,01/01/2023,1677440002000,3,http://dummyimage.com/132x100.png/ff4444/ffffff
4,fottley3@usnews.com,Frans,Ottley,Austria,01/01/2023,1677512144000,1,http://dummyimage.com/183x100.png/5fa2dd/ffffff
5,fcockson4@newyorker.com,Freida,Cockson,Austria,01/01/2023,1677404838000,2,http://dummyimage.com/107x100.png/dddddd/000000
6,kmcgookin5@google.com.br,Karylin,McGookin,Austria,01/01/2023,1677448796000,3,http://dummyimage.com/150x100.png/5fa2dd/ffffff
7,faldcorne6@techcrunch.com,Fifine,Aldcorne,Austria,01/01/2023,1677387439000,3,http://dummyimage.com/131x100.png/5fa2dd/ffffff
8,cblanch7@blog.com,Christopher,Blanch,Austria,01/01/2023,1677530692000,2,http://dummyimage.com/162x100.png/dddddd/000000
9,mfields8@sohu.com,Mallissa,Fields,Austria,01/01/2023,1677450755000,1,http://dummyimage.com/204x100.png/cc0000/ffffff
10,bpease9@amazon.co.jp,Brennan,Pease,Austria,01/01/2023,1677389971000,3,http://dummyimage.com/155x100.png/ff4444/ffffff
11,lthireaua@gnu.org,Laurence,Thireau,Austria,01/01/2023,1992-01-01T00:00:00Z,2,http://dummyimage.com/224x100.png/ff4444/ffffff
12,kivakhinb@rambler.ru,Kaitlyn,Ivakhin,Austria,01/01/2023,1992-01-01T00:00:00Z,1,http://dummyimage.com/244x100.png/5fa2dd/ffffff
13,priguardc@uol.com.br,Pascal,Riguard,Austria,01/01/2023,1992-01-01T00:00:00Z,1,http://dummyimage.com/226x100.png/cc0000/ffffff
14,tcollerand@hostgator.com,Tandie,Colleran,Austria,01/01/2023,1992-01-01T00:00:00Z,2,http://dummyimage.com/163x100.png/dddddd/000000
15,cperrote@bloglines.com,Corbin,Perrot,Austria,01/01/2023,1992-01-01T00:00:00Z,3,http://dummyimage.com/215x100.png/dddddd/000000
16,sgarritf@networkadvertising.org,Sacha,Garrit,Austria,01/01/2023,1992-01-01T00:00:00Z,3,http://dummyimage.com/243x100.png/ff4444/ffffff
17,gboultong@fema.gov,Griffie,Boulton,Austria,01/01/2023,1992-01-01T00:00:00Z,2,http://dummyimage.com/200x100.png/dddddd/000000
18,rdanielloth@hibu.com,Robbi,Daniellot,Austria,01/01/2023,1992-01-01T00:00:00Z,1,http://dummyimage.com/173x100.png/ff4444/ffffff
19,bclawsoni@walmart.com,Benedikta,Clawson,Austria,01/01/2023,1992-01-01T00:00:00Z,1,http://dummyimage.com/183x100.png/5fa2dd/ffffff
20,blembrickj@gizmodo.com,Beckie,Lembrick,Austria,01/01/2023,1992-01-01T00:00:00Z,2,http://dummyimage.com/168x100.png/cc0000/ffffff
21,gvautreyk@quantcast.com,Gennifer,Vautrey,Austria,01/01/2023,1992-01-01T00:00:00Z,3,http://dummyimage.com/213x100.png/cc0000/ffffff
22,kwandrichl@google.it,Kendall,Wandrich,Austria,01/01/2023,1992-01-01T00:00:00Z,3,http://dummyimage.com/156x100.png/ff4444/ffffff
23,favenm@deviantart.com,Franklin,Aven,Austria,01/01/2023,1992-01-01T00:00:00Z,2,http://dummyimage.com/205x100.png/dddddd/000000
24,mwortonn@seesaa.net,Margalo,Worton,Austria,01/01/2023,1992-01-01T00:00:00Z,1,http://dummyimage.com/186x100.png/cc0000/ffffff
25,jdurningo@gravatar.com,Jaimie,Durning,Austria,01/01/2023,1992-01-01T00:00:00Z,1,http://dummyimage.com/181x100.png/cc0000/ffffff
26,tmacfaellp@dagondesign.com,Tandy,MacFaell,Austria,01/01/2023,1992-01-01T00:00:00Z,2,http://dummyimage.com/223x100.png/5fa2dd/ffffff
27,sokuddyhyq@histats.com,Sutherland,O'Kuddyhy,Austria,01/01/2023,1992-01-01T00:00:00Z,3,http://dummyimage.com/165x100.png/ff4444/ffffff
28,mcanaanr@zdnet.com,Marlie,Canaan,Austria,01/01/2023,1992-01-01T00:00:00Z,1,http://dummyimage.com/201x100.png/ff4444/ffffff
29,dgrzesiaks@tamu.edu,Dean,Grzesiak,Austria,01/01/2023,1992-01-01T00:00:00Z,2,http://dummyimage.com/108x100.png/5fa2dd/ffffff
30,rdugdalet@xrea.com,Robert,Dugdale,Austria,01/01/2023,1992-01-01T00:00:00Z,3,http://dummyimage.com/106x100.png/5fa2dd/ffffff